period,year,month,quarter,continentId,continentName,value,quantity
2021-01,2021,1,1,1C,ทวีปอเมริกาเหนือ,1305719245.0,8901073.0
2021-01,2021,1,1,1A,ทวีปเอเชีย,2013362368.0,35425719.0
2021-01,2021,1,1,1B,ทวีปยุโรป,625578266.0,4450915.0
2021-01,2021,1,1,1F,ทวีปออสเตรเลีย,294132656.0,3591418.0
2021-01,2021,1,1,1E,ทวีปแอฟริกา,6518848.0,156013.0
2021-01,2021,1,1,1D,ทวีปอเมริกาใต้,8653189.0,67899.0
2021-02,2021,2,1,1C,ทวีปอเมริกาเหนือ,1405053862.0,9181348.0
2021-02,2021,2,1,1A,ทวีปเอเชีย,2014543685.0,35316587.0
2021-02,2021,2,1,1F,ทวีปออสเตรเลีย,351930401.0,3982300.0
2021-02,2021,2,1,1B,ทวีปยุโรป,646706854.0,4571445.0
2021-02,2021,2,1,1D,ทวีปอเมริกาใต้,11100089.0,78899.0
2021-02,2021,2,1,1E,ทวีปแอฟริกา,8767320.0,187876.0
2021-03,2021,3,1,1C,ทวีปอเมริกาเหนือ,1737524493.0,11413133.0
2021-03,2021,3,1,1A,ทวีปเอเชีย,2755315653.0,46505519.0
2021-03,2021,3,1,1F,ทวีปออสเตรเลีย,411653023.0,4832477.0
2021-03,2021,3,1,1B,ทวีปยุโรป,933092798.0,6634506.0
2021-03,2021,3,1,1D,ทวีปอเมริกาใต้,29108404.0,219601.0
2021-03,2021,3,1,1E,ทวีปแอฟริกา,12932526.0,290427.0
2021-04,2021,4,2,1C,ทวีปอเมริกาเหนือ,1564496220.0,9786795.0
2021-04,2021,4,2,1A,ทวีปเอเชีย,2230126351.0,35813686.0
2021-04,2021,4,2,1B,ทวีปยุโรป,722261796.0,5081748.0
2021-04,2021,4,2,1F,ทวีปออสเตรเลีย,338527715.0,3446324.0
2021-04,2021,4,2,1D,ทวีปอเมริกาใต้,6927986.0,24240.0
2021-04,2021,4,2,1E,ทวีปแอฟริกา,7504065.0,145906.0
2021-05,2021,5,2,1C,ทวีปอเมริกาเหนือ,1516124131.0,9422678.0
2021-05,2021,5,2,1A,ทวีปเอเชีย,2491137300.0,42377861.0
2021-05,2021,5,2,1B,ทวีปยุโรป,897537015.0,5982941.0
2021-05,2021,5,2,1F,ทวีปออสเตรเลีย,352676141.0,4014493.0
2021-05,2021,5,2,1D,ทวีปอเมริกาใต้,1260354.0,4673.0
2021-05,2021,5,2,1E,ทวีปแอฟริกา,13797064.0,226844.0
2021-06,2021,6,2,1C,ทวีปอเมริกาเหนือ,1662391681.0,9506454.0
2021-06,2021,6,2,1A,ทวีปเอเชีย,2329871029.0,38649300.0
2021-06,2021,6,2,1B,ทวีปยุโรป,1101695386.0,7542515.0
2021-06,2021,6,2,1F,ทวีปออสเตรเลีย,427751859.0,5132067.0
2021-06,2021,6,2,1D,ทวีปอเมริกาใต้,2676155.0,17204.0
2021-06,2021,6,2,1E,ทวีปแอฟริกา,6070066.0,102783.0
2021-07,2021,7,3,1C,ทวีปอเมริกาเหนือ,1434963265.0,8837075.0
2021-07,2021,7,3,1A,ทวีปเอเชีย,2316227811.0,38374430.0
2021-07,2021,7,3,1B,ทวีปยุโรป,836771148.0,5682487.0
2021-07,2021,7,3,1F,ทวีปออสเตรเลีย,284110381.0,3004702.0
2021-07,2021,7,3,1D,ทวีปอเมริกาใต้,13840571.0,57182.0
2021-07,2021,7,3,1E,ทวีปแอฟริกา,7989790.0,157056.0
2021-08,2021,8,3,1C,ทวีปอเมริกาเหนือ,1696686783.0,9913667.0
2021-08,2021,8,3,1A,ทวีปเอเชีย,2343008818.0,35120634.0
2021-08,2021,8,3,1B,ทวีปยุโรป,853290390.0,5885741.0
2021-08,2021,8,3,1F,ทวีปออสเตรเลีย,398113570.0,4854041.0
2021-08,2021,8,3,1D,ทวีปอเมริกาใต้,8572326.0,60581.0
2021-08,2021,8,3,1E,ทวีปแอฟริกา,11232597.0,188722.0
2021-09,2021,9,3,1C,ทวีปอเมริกาเหนือ,1962945233.0,11581994.0
2021-09,2021,9,3,1A,ทวีปเอเชีย,2534287627.0,38634825.0
2021-09,2021,9,3,1B,ทวีปยุโรป,860138802.0,5669014.0
2021-09,2021,9,3,1F,ทวีปออสเตรเลีย,449861277.0,5041024.0
2021-09,2021,9,3,1D,ทวีปอเมริกาใต้,18155133.0,36524.0
2021-09,2021,9,3,1E,ทวีปแอฟริกา,6031433.0,111638.0
2021-10,2021,10,4,1C,ทวีปอเมริกาเหนือ,1943653048.0,11136620.0
2021-10,2021,10,4,1A,ทวีปเอเชีย,2732261009.0,39670431.0
2021-10,2021,10,4,1B,ทวีปยุโรป,909584196.0,6055119.0
2021-10,2021,10,4,1F,ทวีปออสเตรเลีย,334665719.0,3981956.0
2021-10,2021,10,4,1D,ทวีปอเมริกาใต้,22077856.0,99731.0
2021-10,2021,10,4,1E,ทวีปแอฟริกา,16214580.0,284118.0
2021-11,2021,11,4,1C,ทวีปอเมริกาเหนือ,2274143548.0,12743301.0
2021-11,2021,11,4,1A,ทวีปเอเชีย,2815463678.0,41303602.0
2021-11,2021,11,4,1B,ทวีปยุโรป,993058731.0,6382479.0
2021-11,2021,11,4,1F,ทวีปออสเตรเลีย,458521228.0,5525720.0
2021-11,2021,11,4,1D,ทวีปอเมริกาใต้,27126287.0,122399.0
2021-11,2021,11,4,1E,ทวีปแอฟริกา,10140798.0,210451.0
2021-12,2021,12,4,1C,ทวีปอเมริกาเหนือ,2322886893.0,12917969.0
2021-12,2021,12,4,1A,ทวีปเอเชีย,2805608104.0,42035824.0
2021-12,2021,12,4,1B,ทวีปยุโรป,986385983.0,6412163.0
2021-12,2021,12,4,1F,ทวีปออสเตรเลีย,440525534.0,5348994.0
2021-12,2021,12,4,1D,ทวีปอเมริกาใต้,8666418.0,59015.0
2021-12,2021,12,4,1E,ทวีปแอฟริกา,9703054.0,208347.0
2022-01,2022,1,1,1C,ทวีปอเมริกาเหนือ,2175186812.0,12286050.0
2022-01,2022,1,1,1A,ทวีปเอเชีย,2733608133.0,41167267.0
2022-01,2022,1,1,1B,ทวีปยุโรป,826671229.0,5162660.0
2022-01,2022,1,1,1F,ทวีปออสเตรเลีย,411678260.0,4275829.0
2022-01,2022,1,1,1D,ทวีปอเมริกาใต้,61679499.0,213783.0
2022-01,2022,1,1,1E,ทวีปแอฟริกา,12830778.0,155581.0
2022-02,2022,2,1,1C,ทวีปอเมริกาเหนือ,2553403235.0,15041597.0
2022-02,2022,2,1,1A,ทวีปเอเชีย,2879690724.0,42717073.0
2022-02,2022,2,1,1B,ทวีปยุโรป,1223245898.0,7879371.0
2022-02,2022,2,1,1F,ทวีปออสเตรเลีย,401855216.0,4700809.0
2022-02,2022,2,1,1D,ทวีปอเมริกาใต้,10909204.0,26015.0
2022-02,2022,2,1,1E,ทวีปแอฟริกา,7496356.0,143236.0
2022-03,2022,3,1,1C,ทวีปอเมริกาเหนือ,2563989467.0,15003436.0
2022-03,2022,3,1,1A,ทวีปเอเชีย,3076700281.0,46841615.0
2022-03,2022,3,1,1B,ทวีปยุโรป,1347059347.0,8725177.0
2022-03,2022,3,1,1F,ทวีปออสเตรเลีย,479752615.0,5511639.0
2022-03,2022,3,1,1D,ทวีปอเมริกาใต้,33934727.0,74729.0
2022-03,2022,3,1,1E,ทวีปแอฟริกา,9744241.0,185691.0
2022-04,2022,4,2,1C,ทวีปอเมริกาเหนือ,2332019468.0,13245934.0
2022-04,2022,4,2,1A,ทวีปเอเชีย,2616268578.0,39522896.0
2022-04,2022,4,2,1B,ทวีปยุโรป,1331323354.0,8463335.0
2022-04,2022,4,2,1F,ทวีปออสเตรเลีย,492830814.0,5199902.0
2022-04,2022,4,2,1D,ทวีปอเมริกาใต้,22491205.0,42179.0
2022-04,2022,4,2,1E,ทวีปแอฟริกา,9222183.0,177912.0
2022-05,2022,5,2,1C,ทวีปอเมริกาเหนือ,2492275832.0,13980451.0
2022-05,2022,5,2,1A,ทวีปเอเชีย,3171659378.0,45954206.0
2022-05,2022,5,2,1B,ทวีปยุโรป,1290843474.0,8040856.0
2022-05,2022,5,2,1F,ทวีปออสเตรเลีย,503639183.0,5402832.0
2022-05,2022,5,2,1D,ทวีปอเมริกาใต้,15937925.0,29235.0
2022-05,2022,5,2,1E,ทวีปแอฟริกา,16783211.0,247106.0
2022-06,2022,6,2,1C,ทวีปอเมริกาเหนือ,2681118185.0,14694192.0
2022-06,2022,6,2,1A,ทวีปเอเชีย,3112062774.0,44979072.0
2022-06,2022,6,2,1B,ทวีปยุโรป,1117351393.0,6631384.0
2022-06,2022,6,2,1F,ทวีปออสเตรเลีย,545761687.0,5416212.0
2022-06,2022,6,2,1D,ทวีปอเมริกาใต้,17981469.0,32405.0
2022-06,2022,6,2,1E,ทวีปแอฟริกา,12952276.0,241583.0
2022-07,2022,7,3,1C,ทวีปอเมริกาเหนือ,2609617152.0,14540746.0
2022-07,2022,7,3,1A,ทวีปเอเชีย,3203976984.0,45551744.0
2022-07,2022,7,3,1B,ทวีปยุโรป,1034750157.0,5975617.0
2022-07,2022,7,3,1F,ทวีปออสเตรเลีย,606567895.0,5681934.0
2022-07,2022,7,3,1D,ทวีปอเมริกาใต้,22103700.0,43571.0
2022-07,2022,7,3,1E,ทวีปแอฟริกา,13877820.0,203454.0
2022-08,2022,8,3,1C,ทวีปอเมริกาเหนือ,2706202295.0,15053946.0
2022-08,2022,8,3,1A,ทวีปเอเชีย,3422967529.0,46606645.0
2022-08,2022,8,3,1B,ทวีปยุโรป,1197355374.0,6424691.0
2022-08,2022,8,3,1F,ทวีปออสเตรเลีย,554909652.0,5289112.0
2022-08,2022,8,3,1D,ทวีปอเมริกาใต้,39743149.0,70350.0
2022-08,2022,8,3,1E,ทวีปแอฟริกา,12052930.0,178588.0
2022-09,2022,9,3,1C,ทวีปอเมริกาเหนือ,2440775954.0,13894623.0
2022-09,2022,9,3,1A,ทวีปเอเชีย,3315724698.0,45705344.0
2022-09,2022,9,3,1B,ทวีปยุโรป,919465388.0,5053451.0
2022-09,2022,9,3,1F,ทวีปออสเตรเลีย,529583226.0,5597638.0
2022-09,2022,9,3,1D,ทวีปอเมริกาใต้,45181676.0,77906.0
2022-09,2022,9,3,1E,ทวีปแอฟริกา,8338198.0,125933.0
2022-10,2022,10,4,1C,ทวีปอเมริกาเหนือ,2448658674.0,13688746.0
2022-10,2022,10,4,1A,ทวีปเอเชีย,3012032167.0,39644581.0
2022-10,2022,10,4,1B,ทวีปยุโรป,860210769.0,4854893.0
2022-10,2022,10,4,1F,ทวีปออสเตรเลีย,484741975.0,4779039.0
2022-10,2022,10,4,1D,ทวีปอเมริกาใต้,24591862.0,40447.0
2022-10,2022,10,4,1E,ทวีปแอฟริกา,12580970.0,176750.0
2022-11,2022,11,4,1C,ทวีปอเมริกาเหนือ,2304702316.0,12675048.0
2022-11,2022,11,4,1A,ทวีปเอเชีย,2905608074.0,36551107.0
2022-11,2022,11,4,1B,ทวีปยุโรป,1108435123.0,5952246.0
2022-11,2022,11,4,1F,ทวีปออสเตรเลีย,517473295.0,5935550.0
2022-11,2022,11,4,1D,ทวีปอเมริกาใต้,33326587.0,54577.0
2022-11,2022,11,4,1E,ทวีปแอฟริกา,10919516.0,186213.0
2022-12,2022,12,4,1C,ทวีปอเมริกาเหนือ,2101916154.0,12152537.0
2022-12,2022,12,4,1A,ทวีปเอเชีย,2608474735.0,32821066.0
2022-12,2022,12,4,1B,ทวีปยุโรป,974790169.0,5463217.0
2022-12,2022,12,4,1F,ทวีปออสเตรเลีย,467022380.0,4674637.0
2022-12,2022,12,4,1D,ทวีปอเมริกาใต้,57350614.0,105472.0
2022-12,2022,12,4,1E,ทวีปแอฟริกา,3388711.0,34356.0
2023-01,2023,1,1,1C,ทวีปอเมริกาเหนือ,1736927157.0,10186156.0
2023-01,2023,1,1,1A,ทวีปเอเชีย,2627653439.0,37689293.0
2023-01,2023,1,1,1B,ทวีปยุโรป,821434636.0,4728395.0
2023-01,2023,1,1,1F,ทวีปออสเตรเลีย,360054174.0,4447248.0
2023-01,2023,1,1,1D,ทวีปอเมริกาใต้,19849068.0,48138.0
2023-01,2023,1,1,1E,ทวีปแอฟริกา,9225275.0,135225.0
2023-02,2023,2,1,1C,ทวีปอเมริกาเหนือ,1411132825.0,8552703.0
2023-02,2023,2,1,1A,ทวีปเอเชีย,2582103520.0,37996605.0
2023-02,2023,2,1,1F,ทวีปออสเตรเลีย,446567169.0,5456329.0
2023-02,2023,2,1,1B,ทวีปยุโรป,694092530.0,4213458.0
2023-02,2023,2,1,1D,ทวีปอเมริกาใต้,23306970.0,53524.0
2023-02,2023,2,1,1E,ทวีปแอฟริกา,8195762.0,133990.0
2023-03,2023,3,1,1C,ทวีปอเมริกาเหนือ,1562979277.0,8631035.0
2023-03,2023,3,1,1A,ทวีปเอเชีย,2814838230.0,41011054.0
2023-03,2023,3,1,1F,ทวีปออสเตรเลีย,426225791.0,5114173.0
2023-03,2023,3,1,1B,ทวีปยุโรป,874490781.0,4978053.0
2023-03,2023,3,1,1D,ทวีปอเมริกาใต้,32753347.0,65920.0
2023-03,2023,3,1,1E,ทวีปแอฟริกา,11187092.0,165430.0
2023-04,2023,4,2,1C,ทวีปอเมริกาเหนือ,1066114635.0,6196016.0
2023-04,2023,4,2,1A,ทวีปเอเชีย,2226359231.0,32303349.0
2023-04,2023,4,2,1F,ทวีปออสเตรเลีย,310420495.0,3827724.0
2023-04,2023,4,2,1B,ทวีปยุโรป,702744440.0,4245657.0
2023-04,2023,4,2,1D,ทวีปอเมริกาใต้,32814760.0,77688.0
2023-04,2023,4,2,1E,ทวีปแอฟริกา,6639202.0,110672.0
2023-05,2023,5,2,1C,ทวีปอเมริกาเหนือ,1648560501.0,9183503.0
2023-05,2023,5,2,1A,ทวีปเอเชีย,2692461239.0,38658743.0
2023-05,2023,5,2,1B,ทวีปยุโรป,815034862.0,4729376.0
2023-05,2023,5,2,1F,ทวีปออสเตรเลีย,355642121.0,4358695.0
2023-05,2023,5,2,1D,ทวีปอเมริกาใต้,58864557.0,118187.0
2023-05,2023,5,2,1E,ทวีปแอฟริกา,5786222.0,116701.0
2023-06,2023,6,2,1C,ทวีปอเมริกาเหนือ,1845931440.0,9937628.0
2023-06,2023,6,2,1A,ทวีปเอเชีย,2846033958.0,40221137.0
2023-06,2023,6,2,1B,ทวีปยุโรป,773343401.0,4318397.0
2023-06,2023,6,2,1F,ทวีปออสเตรเลีย,321634622.0,3657249.0
2023-06,2023,6,2,1D,ทวีปอเมริกาใต้,43730008.0,81701.0
2023-06,2023,6,2,1E,ทวีปแอฟริกา,16242575.0,227719.0
2023-07,2023,7,3,1C,ทวีปอเมริกาเหนือ,1828074741.0,9418101.0
2023-07,2023,7,3,1A,ทวีปเอเชีย,2975776090.0,39472963.0
2023-07,2023,7,3,1F,ทวีปออสเตรเลีย,511405887.0,5759636.0
2023-07,2023,7,3,1B,ทวีปยุโรป,834373009.0,4890562.0
2023-07,2023,7,3,1D,ทวีปอเมริกาใต้,72807850.0,153493.0
2023-07,2023,7,3,1E,ทวีปแอฟริกา,13746688.0,177552.0
2023-08,2023,8,3,1C,ทวีปอเมริกาเหนือ,1996674291.0,10359247.0
2023-08,2023,8,3,1A,ทวีปเอเชีย,2915694368.0,39715134.0
2023-08,2023,8,3,1F,ทวีปออสเตรเลีย,436281830.0,4854881.0
2023-08,2023,8,3,1B,ทวีปยุโรป,965870360.0,5679716.0
2023-08,2023,8,3,1D,ทวีปอเมริกาใต้,66030697.0,151383.0
2023-08,2023,8,3,1E,ทวีปแอฟริกา,13176142.0,182116.0
2023-09,2023,9,3,1C,ทวีปอเมริกาเหนือ,1923742625.0,9713855.0
2023-09,2023,9,3,1A,ทวีปเอเชีย,2922417110.0,37269413.0
2023-09,2023,9,3,1B,ทวีปยุโรป,1201435212.0,6817604.0
2023-09,2023,9,3,1F,ทวีปออสเตรเลีย,374765211.0,4098498.0
2023-09,2023,9,3,1D,ทวีปอเมริกาใต้,75939371.0,153061.0
2023-09,2023,9,3,1E,ทวีปแอฟริกา,15605311.0,229302.0
2023-10,2023,10,4,1C,ทวีปอเมริกาเหนือ,2299167527.0,11272648.0
2023-10,2023,10,4,1A,ทวีปเอเชีย,3065440268.0,39361718.0
2023-10,2023,10,4,1B,ทวีปยุโรป,1133586682.0,6294522.0
2023-10,2023,10,4,1F,ทวีปออสเตรเลีย,430021745.0,4796384.0
2023-10,2023,10,4,1D,ทวีปอเมริกาใต้,57409510.0,127910.0
2023-10,2023,10,4,1E,ทวีปแอฟริกา,16614120.0,231262.0
2023-11,2023,11,4,1C,ทวีปอเมริกาเหนือ,2397306631.0,11326697.0
2023-11,2023,11,4,1A,ทวีปเอเชีย,2975433072.0,38271929.0
2023-11,2023,11,4,1B,ทวีปยุโรป,1042433282.0,5770169.0
2023-11,2023,11,4,1F,ทวีปออสเตรเลีย,446219267.0,4880285.0
2023-11,2023,11,4,1D,ทวีปอเมริกาใต้,53447140.0,126477.0
2023-11,2023,11,4,1E,ทวีปแอฟริกา,10087522.0,177042.0
2023-12,2023,12,4,1C,ทวีปอเมริกาเหนือ,2332308222.0,11418150.0
2023-12,2023,12,4,1A,ทวีปเอเชีย,2843427065.0,37199316.0
2023-12,2023,12,4,1B,ทวีปยุโรป,1252606433.0,6943472.0
2023-12,2023,12,4,1F,ทวีปออสเตรเลีย,471072339.0,4963048.0
2023-12,2023,12,4,1D,ทวีปอเมริกาใต้,39218925.0,77489.0
2023-12,2023,12,4,1E,ทวีปแอฟริกา,8441994.0,100971.0
2024-01,2024,1,1,1C,ทวีปอเมริกาเหนือ,2101112114.0,10124520.0
2024-01,2024,1,1,1A,ทวีปเอเชีย,2709486196.0,36323808.0
2024-01,2024,1,1,1B,ทวีปยุโรป,1241214445.0,7192855.0
2024-01,2024,1,1,1F,ทวีปออสเตรเลีย,392520774.0,4402430.0
2024-01,2024,1,1,1D,ทวีปอเมริกาใต้,27870701.0,57551.0
2024-01,2024,1,1,1E,ทวีปแอฟริกา,9914841.0,168097.0
2024-02,2024,2,1,1C,ทวีปอเมริกาเหนือ,2325463974.0,10797424.0
2024-02,2024,2,1,1A,ทวีปเอเชีย,2981642646.0,41069249.0
2024-02,2024,2,1,1B,ทวีปยุโรป,1399242107.0,7664759.0
2024-02,2024,2,1,1F,ทวีปออสเตรเลีย,499969840.0,5233977.0
2024-02,2024,2,1,1D,ทวีปอเมริกาใต้,49616601.0,120028.0
2024-02,2024,2,1,1E,ทวีปแอฟริกา,10556875.0,145116.0
2024-03,2024,3,1,1C,ทวีปอเมริกาเหนือ,2774824754.0,12816464.0
2024-03,2024,3,1,1A,ทวีปเอเชีย,3538697138.0,47546688.0
2024-03,2024,3,1,1B,ทวีปยุโรป,1270933830.0,7079687.0
2024-03,2024,3,1,1F,ทวีปออสเตรเลีย,589369528.0,6086523.0
2024-03,2024,3,1,1D,ทวีปอเมริกาใต้,58299470.0,134240.0
2024-03,2024,3,1,1E,ทวีปแอฟริกา,18740874.0,230642.0
2024-04,2024,4,2,1C,ทวีปอเมริกาเหนือ,2606435721.0,12324307.0
2024-04,2024,4,2,1A,ทวีปเอเชีย,3087668732.0,39837119.0
2024-04,2024,4,2,1B,ทวีปยุโรป,1193048208.0,7059047.0
2024-04,2024,4,2,1F,ทวีปออสเตรเลีย,535678245.0,5955066.0
2024-04,2024,4,2,1D,ทวีปอเมริกาใต้,85992061.0,177942.0
2024-04,2024,4,2,1E,ทวีปแอฟริกา,14077145.0,178942.0
2024-05,2024,5,2,1C,ทวีปอเมริกาเหนือ,3119170445.0,14578371.0
2024-05,2024,5,2,1A,ทวีปเอเชีย,3524399593.0,46303174.0
2024-05,2024,5,2,1B,ทวีปยุโรป,1401842380.0,7908575.0
2024-05,2024,5,2,1F,ทวีปออสเตรเลีย,610370460.0,5821676.0
2024-05,2024,5,2,1D,ทวีปอเมริกาใต้,59058657.0,134118.0
2024-05,2024,5,2,1E,ทวีปแอฟริกา,14663376.0,188245.0
2024-06,2024,6,2,1C,ทวีปอเมริกาเหนือ,2659488266.0,12372708.0
2024-06,2024,6,2,1A,ทวีปเอเชีย,3100263548.0,41908219.0
2024-06,2024,6,2,1B,ทวีปยุโรป,1121441689.0,6441378.0
2024-06,2024,6,2,1F,ทวีปออสเตรเลีย,689864545.0,6933535.0
2024-06,2024,6,2,1D,ทวีปอเมริกาใต้,32724718.0,62861.0
2024-06,2024,6,2,1E,ทวีปแอฟริกา,10888634.0,145839.0
2024-07,2024,7,3,1C,ทวีปอเมริกาเหนือ,2922951806.0,13714504.0
2024-07,2024,7,3,1A,ทวีปเอเชีย,3390663805.0,44019629.0
2024-07,2024,7,3,1B,ทวีปยุโรป,1564751335.0,8745985.0
2024-07,2024,7,3,1F,ทวีปออสเตรเลีย,722055386.0,7241682.0
2024-07,2024,7,3,1D,ทวีปอเมริกาใต้,70783381.0,139123.0
2024-07,2024,7,3,1E,ทวีปแอฟริกา,25888720.0,357839.0
2024-08,2024,8,3,1C,ทวีปอเมริกาเหนือ,3209022126.0,15135562.0
2024-08,2024,8,3,1A,ทวีปเอเชีย,3416752096.0,42827967.0
2024-08,2024,8,3,1B,ทวีปยุโรป,1468602971.0,8310157.0
2024-08,2024,8,3,1F,ทวีปออสเตรเลีย,729228675.0,7779649.0
2024-08,2024,8,3,1D,ทวีปอเมริกาใต้,58445195.0,117042.0
2024-08,2024,8,3,1E,ทวีปแอฟริกา,16502403.0,221099.0
2024-09,2024,9,3,1C,ทวีปอเมริกาเหนือ,2774119485.0,14441007.0
2024-09,2024,9,3,1A,ทวีปเอเชีย,3031184950.0,41250854.0
2024-09,2024,9,3,1B,ทวีปยุโรป,1411967886.0,8162047.0
2024-09,2024,9,3,1F,ทวีปออสเตรเลีย,729108973.0,7401862.0
2024-09,2024,9,3,1D,ทวีปอเมริกาใต้,50318943.0,96431.0
2024-09,2024,9,3,1E,ทวีปแอฟริกา,20452457.0,268473.0
2024-10,2024,10,4,1C,ทวีปอเมริกาเหนือ,2588389431.0,13291557.0
2024-10,2024,10,4,1A,ทวีปเอเชีย,2996093003.0,39861430.0
2024-10,2024,10,4,1F,ทวีปออสเตรเลีย,642767673.0,7099686.0
2024-10,2024,10,4,1B,ทวีปยุโรป,1279664277.0,7678007.0
2024-10,2024,10,4,1D,ทวีปอเมริกาใต้,70777492.0,159518.0
2024-10,2024,10,4,1E,ทวีปแอฟริกา,23519687.0,275993.0
2024-11,2024,11,4,1C,ทวีปอเมริกาเหนือ,2777910025.0,14588153.0
2024-11,2024,11,4,1A,ทวีปเอเชีย,3191195184.0,43012221.0
2024-11,2024,11,4,1F,ทวีปออสเตรเลีย,514964791.0,5496967.0
2024-11,2024,11,4,1B,ทวีปยุโรป,1107140220.0,6509968.0
2024-11,2024,11,4,1D,ทวีปอเมริกาใต้,68084929.0,177073.0
2024-11,2024,11,4,1E,ทวีปแอฟริกา,14828181.0,259409.0
2024-12,2024,12,4,1C,ทวีปอเมริกาเหนือ,2784584857.0,14066558.0
2024-12,2024,12,4,1A,ทวีปเอเชีย,2938402310.0,38474780.0
2024-12,2024,12,4,1F,ทวีปออสเตรเลีย,483656200.0,5294669.0
2024-12,2024,12,4,1B,ทวีปยุโรป,1261315101.0,7271402.0
2024-12,2024,12,4,1D,ทวีปอเมริกาใต้,110994752.0,284454.0
2024-12,2024,12,4,1E,ทวีปแอฟริกา,14449803.0,214071.0
2025-01,2025,1,1,1C,ทวีปอเมริกาเหนือ,2746423191.0,13906822.0
2025-01,2025,1,1,1A,ทวีปเอเชีย,2681824080.0,37225475.0
2025-01,2025,1,1,1B,ทวีปยุโรป,1321463114.0,7526548.0
2025-01,2025,1,1,1F,ทวีปออสเตรเลีย,381984715.0,4463461.0
2025-01,2025,1,1,1D,ทวีปอเมริกาใต้,83452937.0,205673.0
2025-01,2025,1,1,1E,ทวีปแอฟริกา,11306944.0,135119.0
2025-02,2025,2,1,1C,ทวีปอเมริกาเหนือ,3109620795.0,15753932.0
2025-02,2025,2,1,1A,ทวีปเอเชีย,2860024577.0,39431636.0
2025-02,2025,2,1,1B,ทวีปยุโรป,1390411582.0,7979204.0
2025-02,2025,2,1,1F,ทวีปออสเตรเลีย,484904306.0,5056142.0
2025-02,2025,2,1,1D,ทวีปอเมริกาใต้,97117559.0,243709.0
2025-02,2025,2,1,1E,ทวีปแอฟริกา,11360722.0,183761.0
2025-03,2025,3,1,1C,ทวีปอเมริกาเหนือ,3494255497.0,18085579.0
2025-03,2025,3,1,1A,ทวีปเอเชีย,3259685327.0,45881918.0
2025-03,2025,3,1,1B,ทวีปยุโรป,1445954024.0,8198372.0
2025-03,2025,3,1,1F,ทวีปออสเตรเลีย,503731406.0,5668674.0
2025-03,2025,3,1,1D,ทวีปอเมริกาใต้,57526144.0,152894.0
2025-03,2025,3,1,1E,ทวีปแอฟริกา,16818759.0,233000.0
2025-04,2025,4,2,1C,ทวีปอเมริกาเหนือ,3114229305.0,16684825.0
2025-04,2025,4,2,1A,ทวีปเอเชีย,2845419326.0,38367264.0
2025-04,2025,4,2,1B,ทวีปยุโรป,1269683530.0,7585514.0
2025-04,2025,4,2,1F,ทวีปออสเตรเลีย,476632423.0,5345194.0
2025-04,2025,4,2,1D,ทวีปอเมริกาใต้,77411032.0,221607.0
2025-04,2025,4,2,1E,ทวีปแอฟริกา,9625313.0,147635.0
2025-05,2025,5,2,1C,ทวีปอเมริกาเหนือ,3274374818.0,16835706.0
2025-05,2025,5,2,1A,ทวีปเอเชีย,3044701477.0,41331181.0
2025-05,2025,5,2,1B,ทวีปยุโรป,1380961226.0,8173775.0
2025-05,2025,5,2,1F,ทวีปออสเตรเลีย,548850250.0,6076180.0
2025-05,2025,5,2,1D,ทวีปอเมริกาใต้,153377830.0,394482.0
2025-05,2025,5,2,1E,ทวีปแอฟริกา,9695942.0,132885.0
2025-06,2025,6,2,1C,ทวีปอเมริกาเหนือ,3029840660.0,15690818.0
2025-06,2025,6,2,1A,ทวีปเอเชีย,2719664163.0,37358882.0
2025-06,2025,6,2,1B,ทวีปยุโรป,1206431069.0,7360598.0
2025-06,2025,6,2,1F,ทวีปออสเตรเลีย,472152036.0,5500179.0
2025-06,2025,6,2,1D,ทวีปอเมริกาใต้,62181387.0,165143.0
2025-06,2025,6,2,1E,ทวีปแอฟริกา,17532640.0,284252.0
2025-07,2025,7,3,1C,ทวีปอเมริกาเหนือ,2984329363.0,15659889.0
2025-07,2025,7,3,1A,ทวีปเอเชีย,3245133706.0,44248558.0
2025-07,2025,7,3,1B,ทวีปยุโรป,1412637767.0,8598314.0
2025-07,2025,7,3,1F,ทวีปออสเตรเลีย,631218882.0,7216614.0
2025-07,2025,7,3,1D,ทวีปอเมริกาใต้,166101675.0,469338.0
2025-07,2025,7,3,1E,ทวีปแอฟริกา,24021314.0,377499.0
2025-08,2025,8,3,1C,ทวีปอเมริกาเหนือ,2621229484.0,14200432.0
2025-08,2025,8,3,1A,ทวีปเอเชีย,2822360721.0,38281354.0
2025-08,2025,8,3,1B,ทวีปยุโรป,1358981659.0,8453606.0
2025-08,2025,8,3,1F,ทวีปออสเตรเลีย,488335957.0,5557915.0
2025-08,2025,8,3,1D,ทวีปอเมริกาใต้,106492854.0,250161.0
2025-08,2025,8,3,1E,ทวีปแอฟริกา,21118790.0,253823.0
2025-09,2025,9,3,1C,ทวีปอเมริกาเหนือ,2734534170.0,15160630.0
2025-09,2025,9,3,1A,ทวีปเอเชีย,2914378232.0,39161796.0
2025-09,2025,9,3,1B,ทวีปยุโรป,1428498146.0,8693533.0
2025-09,2025,9,3,1F,ทวีปออสเตรเลีย,556287126.0,6530057.0
2025-09,2025,9,3,1D,ทวีปอเมริกาใต้,65726424.0,136964.0
2025-09,2025,9,3,1E,ทวีปแอฟริกา,20215072.0,270220.0
2025-10,2025,10,4,1C,ทวีปอเมริกาเหนือ,2955459111.0,16085116.0
2025-10,2025,10,4,1A,ทวีปเอเชีย,2967902699.0,39410337.0
2025-10,2025,10,4,1B,ทวีปยุโรป,1325978034.0,8032783.0
2025-10,2025,10,4,1F,ทวีปออสเตรเลีย,533807126.0,6003425.0
2025-10,2025,10,4,1D,ทวีปอเมริกาใต้,63035447.0,139612.0
2025-10,2025,10,4,1E,ทวีปแอฟริกา,13845466.0,203350.0
2025-11,2025,11,4,1C,ทวีปอเมริกาเหนือ,3041898738.0,16646716.0
2025-11,2025,11,4,1A,ทวีปเอเชีย,2665904918.0,35355189.0
2025-11,2025,11,4,1B,ทวีปยุโรป,1290313040.0,7818325.0
2025-11,2025,11,4,1F,ทวีปออสเตรเลีย,488789886.0,5805343.0
2025-11,2025,11,4,1D,ทวีปอเมริกาใต้,95899979.0,189084.0
2025-11,2025,11,4,1E,ทวีปแอฟริกา,18788789.0,259471.0
2025-12,2025,12,4,1C,ทวีปอเมริกาเหนือ,3205460035.0,17601581.0
2025-12,2025,12,4,1A,ทวีปเอเชีย,3030365855.0,40630901.0
2025-12,2025,12,4,1B,ทวีปยุโรป,1520115725.0,8742593.0
2025-12,2025,12,4,1F,ทวีปออสเตรเลีย,634787108.0,7293134.0
2025-12,2025,12,4,1D,ทวีปอเมริกาใต้,76335225.0,168378.0
2025-12,2025,12,4,1E,ทวีปแอฟริกา,19557798.0,242911.0
2026-01,2026,1,1,1C,ทวีปอเมริกาเหนือ,2539667984.0,14083896.0
2026-01,2026,1,1,1A,ทวีปเอเชีย,2610278948.0,36637578.0
2026-01,2026,1,1,1B,ทวีปยุโรป,1437444756.0,8681572.0
2026-01,2026,1,1,1F,ทวีปออสเตรเลีย,476804965.0,5631727.0
2026-01,2026,1,1,1D,ทวีปอเมริกาใต้,64537292.0,142009.0
2026-01,2026,1,1,1E,ทวีปแอฟริกา,17771609.0,187716.0
2026-02,2026,2,1,1C,ทวีปอเมริกาเหนือ,2694902414.0,14837552.0
2026-02,2026,2,1,1A,ทวีปเอเชีย,2854725104.0,40283958.0
2026-02,2026,2,1,1B,ทวีปยุโรป,1624699388.0,9936805.0
2026-02,2026,2,1,1F,ทวีปออสเตรเลีย,494905321.0,5447094.0
2026-02,2026,2,1,1D,ทวีปอเมริกาใต้,86305578.0,231999.0
2026-02,2026,2,1,1E,ทวีปแอฟริกา,12581815.0,224580.0
2026-03,2026,3,1,1C,ทวีปอเมริกาเหนือ,3133869089.0,17075957.0
2026-03,2026,3,1,1A,ทวีปเอเชีย,3063523747.0,43017458.0
2026-03,2026,3,1,1B,ทวีปยุโรป,1545728743.0,9409125.0
2026-03,2026,3,1,1F,ทวีปออสเตรเลีย,602471521.0,6492319.0
2026-03,2026,3,1,1D,ทวีปอเมริกาใต้,91708594.0,222770.0
2026-03,2026,3,1,1E,ทวีปแอฟริกา,14201707.0,215494.0
2026-04,2026,4,2,1C,ทวีปอเมริกาเหนือ,2826426719.0,15048616.0
2026-04,2026,4,2,1A,ทวีปเอเชีย,2914547006.0,40260280.0
2026-04,2026,4,2,1B,ทวีปยุโรป,1529654517.0,9039811.0
2026-04,2026,4,2,1F,ทวีปออสเตรเลีย,723504751.0,8011432.0
2026-04,2026,4,2,1D,ทวีปอเมริกาใต้,78459916.0,173291.0
2026-04,2026,4,2,1E,ทวีปแอฟริกา,14587313.0,210631.0
2026-05,2026,5,2,1C,ทวีปอเมริกาเหนือ,3304303423.0,18008346.0
2026-05,2026,5,2,1A,ทวีปเอเชีย,2913309452.0,40380099.0
2026-05,2026,5,2,1F,ทวีปออสเตรเลีย,636226557.0,7434287.0
2026-05,2026,5,2,1B,ทวีปยุโรป,1529695737.0,9035159.0
2026-05,2026,5,2,1D,ทวีปอเมริกาใต้,55459748.0,155839.0
2026-05,2026,5,2,1E,ทวีปแอฟริกา,18408212.0,271142.0
